<?xml version="1.0" encoding="utf-8" standalone="yes"?>
<rss version="2.0" xmlns:atom="http://www.w3.org/2005/Atom">
  <channel>
    <title>Posts on BECA</title>
    <link>https://beca-blog.netlify.app/posts/</link>
    <description>Recent content in Posts on BECA</description>
    <generator>Hugo -- gohugo.io</generator>
    <language>es</language>
    <lastBuildDate>Thu, 25 Jan 2024 10:20:00 +0000</lastBuildDate><atom:link href="https://beca-blog.netlify.app/posts/index.xml" rel="self" type="application/rss+xml" />
    <item>
      <title>El Lienzo en Blanco</title>
      <link>https://beca-blog.netlify.app/posts/el-lienzo-en-blanco/</link>
      <pubDate>Thu, 25 Jan 2024 10:20:00 +0000</pubDate>
      
      <guid>https://beca-blog.netlify.app/posts/el-lienzo-en-blanco/</guid>
      <description>Una reflexión sobre los momentos de bloqueo creativo y cómo a veces el vacío es el espacio necesario para que nazca algo completamente nuevo.</description>
    </item>
    
    <item>
      <title>La Boda de los Colores</title>
      <link>https://beca-blog.netlify.app/posts/la-boda-de-los-colores/</link>
      <pubDate>Sat, 20 Jan 2024 16:45:00 +0000</pubDate>
      
      <guid>https://beca-blog.netlify.app/posts/la-boda-de-los-colores/</guid>
      <description>Una organizadora de eventos descubre que el amor verdadero no se encuentra en la perfección, sino en la belleza de los contrastes y las imperfecciones que nos hacen únicos.</description>
    </item>
    
    <item>
      <title>El Vestido de Luna</title>
      <link>https://beca-blog.netlify.app/posts/el-vestido-de-luna/</link>
      <pubDate>Mon, 15 Jan 2024 14:30:00 +0000</pubDate>
      
      <guid>https://beca-blog.netlify.app/posts/el-vestido-de-luna/</guid>
      <description>Una joven diseñadora descubre que sus creaciones tienen el poder de transformar no solo la apariencia, sino también el alma de quien las porta.</description>
    </item>
    
  </channel>
</rss>
