<?xml version="1.0" encoding="utf-8" standalone="yes"?>
<rss version="2.0" xmlns:atom="http://www.w3.org/2005/Atom">
  <channel>
    <title>Tags on BECA</title>
    <link>https://beca-blog.netlify.app/tags/</link>
    <description>Recent content in Tags on BECA</description>
    <generator>Hugo -- gohugo.io</generator>
    <language>es</language>
    <lastBuildDate>Thu, 25 Jan 2024 10:20:00 +0000</lastBuildDate><atom:link href="https://beca-blog.netlify.app/tags/index.xml" rel="self" type="application/rss+xml" />
    <item>
      <title>arte</title>
      <link>https://beca-blog.netlify.app/tags/arte/</link>
      <pubDate>Thu, 25 Jan 2024 10:20:00 +0000</pubDate>
      
      <guid>https://beca-blog.netlify.app/tags/arte/</guid>
      <description></description>
    </item>
    
    <item>
      <title>creatividad</title>
      <link>https://beca-blog.netlify.app/tags/creatividad/</link>
      <pubDate>Thu, 25 Jan 2024 10:20:00 +0000</pubDate>
      
      <guid>https://beca-blog.netlify.app/tags/creatividad/</guid>
      <description></description>
    </item>
    
    <item>
      <title>crecimiento</title>
      <link>https://beca-blog.netlify.app/tags/crecimiento/</link>
      <pubDate>Thu, 25 Jan 2024 10:20:00 +0000</pubDate>
      
      <guid>https://beca-blog.netlify.app/tags/crecimiento/</guid>
      <description></description>
    </item>
    
    <item>
      <title>inspiración</title>
      <link>https://beca-blog.netlify.app/tags/inspiraci%C3%B3n/</link>
      <pubDate>Thu, 25 Jan 2024 10:20:00 +0000</pubDate>
      
      <guid>https://beca-blog.netlify.app/tags/inspiraci%C3%B3n/</guid>
      <description></description>
    </item>
    
    <item>
      <title>amor</title>
      <link>https://beca-blog.netlify.app/tags/amor/</link>
      <pubDate>Sat, 20 Jan 2024 16:45:00 +0000</pubDate>
      
      <guid>https://beca-blog.netlify.app/tags/amor/</guid>
      <description></description>
    </item>
    
    <item>
      <title>bodas</title>
      <link>https://beca-blog.netlify.app/tags/bodas/</link>
      <pubDate>Sat, 20 Jan 2024 16:45:00 +0000</pubDate>
      
      <guid>https://beca-blog.netlify.app/tags/bodas/</guid>
      <description></description>
    </item>
    
    <item>
      <title>eventos</title>
      <link>https://beca-blog.netlify.app/tags/eventos/</link>
      <pubDate>Sat, 20 Jan 2024 16:45:00 +0000</pubDate>
      
      <guid>https://beca-blog.netlify.app/tags/eventos/</guid>
      <description></description>
    </item>
    
    <item>
      <title>moda</title>
      <link>https://beca-blog.netlify.app/tags/moda/</link>
      <pubDate>Mon, 15 Jan 2024 14:30:00 +0000</pubDate>
      
      <guid>https://beca-blog.netlify.app/tags/moda/</guid>
      <description></description>
    </item>
    
    <item>
      <title>sueños</title>
      <link>https://beca-blog.netlify.app/tags/sue%C3%B1os/</link>
      <pubDate>Mon, 15 Jan 2024 14:30:00 +0000</pubDate>
      
      <guid>https://beca-blog.netlify.app/tags/sue%C3%B1os/</guid>
      <description></description>
    </item>
    
  </channel>
</rss>
