<?xml version="1.0" encoding="utf-8" standalone="yes"?>
<rss version="2.0" xmlns:atom="http://www.w3.org/2005/Atom">
  <channel>
    <title>BECA</title>
    <link>https://beca-blog.netlify.app/</link>
    <description>Recent content on BECA</description>
    <generator>Hugo -- gohugo.io</generator>
    <language>es</language>
    <lastBuildDate>Thu, 25 Jan 2024 10:20:00 +0000</lastBuildDate><atom:link href="https://beca-blog.netlify.app/index.xml" rel="self" type="application/rss+xml" />
    <item>
      <title>El Lienzo en Blanco</title>
      <link>https://beca-blog.netlify.app/posts/el-lienzo-en-blanco/</link>
      <pubDate>Thu, 25 Jan 2024 10:20:00 +0000</pubDate>
      
      <guid>https://beca-blog.netlify.app/posts/el-lienzo-en-blanco/</guid>
      <description>Una reflexión sobre los momentos de bloqueo creativo y cómo a veces el vacío es el espacio necesario para que nazca algo completamente nuevo.</description>
    </item>
    
    <item>
      <title>La Boda de los Colores</title>
      <link>https://beca-blog.netlify.app/posts/la-boda-de-los-colores/</link>
      <pubDate>Sat, 20 Jan 2024 16:45:00 +0000</pubDate>
      
      <guid>https://beca-blog.netlify.app/posts/la-boda-de-los-colores/</guid>
      <description>Una organizadora de eventos descubre que el amor verdadero no se encuentra en la perfección, sino en la belleza de los contrastes y las imperfecciones que nos hacen únicos.</description>
    </item>
    
    <item>
      <title>El Vestido de Luna</title>
      <link>https://beca-blog.netlify.app/posts/el-vestido-de-luna/</link>
      <pubDate>Mon, 15 Jan 2024 14:30:00 +0000</pubDate>
      
      <guid>https://beca-blog.netlify.app/posts/el-vestido-de-luna/</guid>
      <description>Una joven diseñadora descubre que sus creaciones tienen el poder de transformar no solo la apariencia, sino también el alma de quien las porta.</description>
    </item>
    
    <item>
      <title>Acerca de Mí</title>
      <link>https://beca-blog.netlify.app/about/</link>
      <pubDate>Mon, 01 Jan 2024 00:00:00 +0000</pubDate>
      
      <guid>https://beca-blog.netlify.app/about/</guid>
      <description>Hola, soy Elena A los 25 años, he descubierto que la vida es demasiado rica y compleja para limitarse a una sola pasión. Soy una artista multifacética que encuentra inspiración en la intersección de diferentes formas de creatividad: escritora, pintora, diseñadora de modas y organizadora de bodas y eventos.
Mi Historia Mi viaje creativo comenzó en la infancia, cuando descubrí que podía ver el mundo de maneras diferentes dependiendo del medio que utilizara para expresarme.</description>
    </item>
    
    <item>
      <title>Contacto</title>
      <link>https://beca-blog.netlify.app/contact/</link>
      <pubDate>Mon, 01 Jan 2024 00:00:00 +0000</pubDate>
      
      <guid>https://beca-blog.netlify.app/contact/</guid>
      <description>Conectemos Me encanta conocer a personas que comparten la pasión por la creatividad y el arte en todas sus formas. Si mis historias han resonado contigo, si tienes una historia que compartir, o si simplemente quieres conversar sobre arte, escritura, moda o eventos, estaré encantada de escucharte.
Formas de Contacto Email Para consultas generales, colaboraciones o simplemente para saludar:
hola@beca-blog.com
Servicios Creativos Si estás interesada en mis servicios como:
 Diseñadora de Modas: Creación de piezas únicas y personalizadas Organizadora de Eventos: Bodas y celebraciones especiales Escritora: Colaboraciones, encargos especiales o proyectos editoriales Artista: Comisiones de pintura o arte personalizado  Por favor, escríbeme detallando tu proyecto y estaré feliz de conversar sobre cómo podemos crear algo hermoso juntas.</description>
    </item>
    
  </channel>
</rss>
