<?xml version="1.0" encoding="utf-8" standalone="yes"?>
<rss version="2.0" xmlns:atom="http://www.w3.org/2005/Atom">
  <channel>
    <title>moda on BECA</title>
    <link>https://beca-blog.netlify.app/tags/moda/</link>
    <description>Recent content in moda on BECA</description>
    <generator>Hugo -- gohugo.io</generator>
    <language>es</language>
    <lastBuildDate>Mon, 15 Jan 2024 14:30:00 +0000</lastBuildDate><atom:link href="https://beca-blog.netlify.app/tags/moda/index.xml" rel="self" type="application/rss+xml" />
    <item>
      <title>El Vestido de Luna</title>
      <link>https://beca-blog.netlify.app/posts/el-vestido-de-luna/</link>
      <pubDate>Mon, 15 Jan 2024 14:30:00 +0000</pubDate>
      
      <guid>https://beca-blog.netlify.app/posts/el-vestido-de-luna/</guid>
      <description>Una joven diseñadora descubre que sus creaciones tienen el poder de transformar no solo la apariencia, sino también el alma de quien las porta.</description>
    </item>
    
  </channel>
</rss>
